n,UA_Search,UA_Insert,UA_Delete,UA_Min,UA_Max,UA_Pred,UA_Succ,SA_Search,SA_Insert,SA_Delete,SA_Min,SA_Max,SA_Pred,SA_Succ,SLLU_Search,SLLU_Insert,SLLU_Delete,SLLU_Min,SLLU_Max,SLLU_Pred,SLLU_Succ,SLLS_Search,SLLS_Insert,SLLS_Delete,SLLS_Min,SLLS_Max,SLLS_Pred,SLLS_Succ,DLLU_Search,DLLU_Insert,DLLU_Delete,DLLU_Min,DLLU_Max,DLLU_Pred,DLLU_Succ,DLLS_Search,DLLS_Insert,DLLS_Delete,DLLS_Min,DLLS_Max,DLLS_Pred,DLLS_Succ
100,100,1,100,100,100,100,100,6,100,100,1,1,1,1,100,1,100,100,100,100,100,100,100,100,1,100,100,100,100,1,100,100,100,100,100,100,100,100,1,100,100,100
200,200,1,200,200,200,200,200,7,200,200,1,1,1,1,200,1,200,200,200,200,200,200,200,200,1,200,200,200,200,1,200,200,200,200,200,200,200,200,1,200,200,200
300,300,1,300,300,300,300,300,8,300,300,1,1,1,1,300,1,300,300,300,300,300,300,300,300,1,300,300,300,300,1,300,300,300,300,300,300,300,300,1,300,300,300
400,400,1,400,400,400,400,400,8,400,400,1,1,1,1,400,1,400,400,400,400,400,400,400,400,1,400,400,400,400,1,400,400,400,400,400,400,400,400,1,400,400,400
500,500,1,500,500,500,500,500,8,500,500,1,1,1,1,500,1,500,500,500,500,500,500,500,500,1,500,500,500,500,1,500,500,500,500,500,500,500,500,1,500,500,500
600,600,1,600,600,600,600,600,9,600,600,1,1,1,1,600,1,600,600,600,600,600,600,600,600,1,600,600,600,600,1,600,600,600,600,600,600,600,600,1,600,600,600
700,700,1,700,700,700,700,700,9,700,700,1,1,1,1,700,1,700,700,700,700,700,700,700,700,1,700,700,700,700,1,700,700,700,700,700,700,700,700,1,700,700,700
800,800,1,800,800,800,800,800,9,800,800,1,1,1,1,800,1,800,800,800,800,800,800,800,800,1,800,800,800,800,1,800,800,800,800,800,800,800,800,1,800,800,800
900,900,1,900,900,900,900,900,9,900,900,1,1,1,1,900,1,900,900,900,900,900,900,900,900,1,900,900,900,900,1,900,900,900,900,900,900,900,900,1,900,900,900
1000,1000,1,1000,1000,1000,1000,1000,9,1000,1000,1,1,1,1,1000,1,1000,1000,1000,1000,1000,1000,1000,1000,1,1000,1000,1000,1000,1,1000,1000,1000,1000,1000,1000,1000,1000,1,1000,1000,1000
1100,1100,1,1100,1100,1100,1100,1100,10,1100,1100,1,1,1,1,1100,1,1100,1100,1100,1100,1100,1100,1100,1100,1,1100,1100,1100,1100,1,1100,1100,1100,1100,1100,1100,1100,1100,1,1100,1100,1100
1200,1200,1,1200,1200,1200,1200,1200,10,1200,1200,1,1,1,1,1200,1,1200,1200,1200,1200,1200,1200,1200,1200,1,1200,1200,1200,1200,1,1200,1200,1200,1200,1200,1200,1200,1200,1,1200,1200,1200
1300,1300,1,1300,1300,1300,1300,1300,10,1300,1300,1,1,1,1,1300,1,1300,1300,1300,1300,1300,1300,1300,1300,1,1300,1300,1300,1300,1,1300,1300,1300,1300,1300,1300,1300,1300,1,1300,1300,1300
1400,1400,1,1400,1400,1400,1400,1400,10,1400,1400,1,1,1,1,1400,1,1400,1400,1400,1400,1400,1400,1400,1400,1,1400,1400,1400,1400,1,1400,1400,1400,1400,1400,1400,1400,1400,1,1400,1400,1400
1500,1500,1,1500,1500,1500,1500,1500,10,1500,1500,1,1,1,1,1500,1,1500,1500,1500,1500,1500,1500,1500,1500,1,1500,1500,1500,1500,1,1500,1500,1500,1500,1500,1500,1500,1500,1,1500,1500,1500
1600,1600,1,1600,1600,1600,1600,1600,10,1600,1600,1,1,1,1,1600,1,1600,1600,1600,1600,1600,1600,1600,1600,1,1600,1600,1600,1600,1,1600,1600,1600,1600,1600,1600,1600,1600,1,1600,1600,1600
1700,1700,1,1700,1700,1700,1700,1700,10,1700,1700,1,1,1,1,1700,1,1700,1700,1700,1700,1700,1700,1700,1700,1,1700,1700,1700,1700,1,1700,1700,1700,1700,1700,1700,1700,1700,1,1700,1700,1700
1800,1800,1,1800,1800,1800,1800,1800,10,1800,1800,1,1,1,1,1800,1,1800,1800,1800,1800,1800,1800,1800,1800,1,1800,1800,1800,1800,1,1800,1800,1800,1800,1800,1800,1800,1800,1,1800,1800,1800
1900,1900,1,1900,1900,1900,1900,1900,10,1900,1900,1,1,1,1,1900,1,1900,1900,1900,1900,1900,1900,1900,1900,1,1900,1900,1900,1900,1,1900,1900,1900,1900,1900,1900,1900,1900,1,1900,1900,1900
2000,2000,1,2000,2000,2000,2000,2000,10,2000,2000,1,1,1,1,2000,1,2000,2000,2000,2000,2000,2000,2000,2000,1,2000,2000,2000,2000,1,2000,2000,2000,2000,2000,2000,2000,2000,1,2000,2000,2000
2100,2100,1,2100,2100,2100,2100,2100,11,2100,2100,1,1,1,1,2100,1,2100,2100,2100,2100,2100,2100,2100,2100,1,2100,2100,2100,2100,1,2100,2100,2100,2100,2100,2100,2100,2100,1,2100,2100,2100
2200,2200,1,2200,2200,2200,2200,2200,11,2200,2200,1,1,1,1,2200,1,2200,2200,2200,2200,2200,2200,2200,2200,1,2200,2200,2200,2200,1,2200,2200,2200,2200,2200,2200,2200,2200,1,2200,2200,2200
2300,2300,1,2300,2300,2300,2300,2300,11,2300,2300,1,1,1,1,2300,1,2300,2300,2300,2300,2300,2300,2300,2300,1,2300,2300,2300,2300,1,2300,2300,2300,2300,2300,2300,2300,2300,1,2300,2300,2300
2400,2400,1,2400,2400,2400,2400,2400,11,2400,2400,1,1,1,1,2400,1,2400,2400,2400,2400,2400,2400,2400,2400,1,2400,2400,2400,2400,1,2400,2400,2400,2400,2400,2400,2400,2400,1,2400,2400,2400
2500,2500,1,2500,2500,2500,2500,2500,11,2500,2500,1,1,1,1,2500,1,2500,2500,2500,2500,2500,2500,2500,2500,1,2500,2500,2500,2500,1,2500,2500,2500,2500,2500,2500,2500,2500,1,2500,2500,2500
2600,2600,1,2600,2600,2600,2600,2600,11,2600,2600,1,1,1,1,2600,1,2600,2600,2600,2600,2600,2600,2600,2600,1,2600,2600,2600,2600,1,2600,2600,2600,2600,2600,2600,2600,2600,1,2600,2600,2600
2700,2700,1,2700,2700,2700,2700,2700,11,2700,2700,1,1,1,1,2700,1,2700,2700,2700,2700,2700,2700,2700,2700,1,2700,2700,2700,2700,1,2700,2700,2700,2700,2700,2700,2700,2700,1,2700,2700,2700
2800,2800,1,2800,2800,2800,2800,2800,11,2800,2800,1,1,1,1,2800,1,2800,2800,2800,2800,2800,2800,2800,2800,1,2800,2800,2800,2800,1,2800,2800,2800,2800,2800,2800,2800,2800,1,2800,2800,2800
2900,2900,1,2900,2900,2900,2900,2900,11,2900,2900,1,1,1,1,2900,1,2900,2900,2900,2900,2900,2900,2900,2900,1,2900,2900,2900,2900,1,2900,2900,2900,2900,2900,2900,2900,2900,1,2900,2900,2900
3000,3000,1,3000,3000,3000,3000,3000,11,3000,3000,1,1,1,1,3000,1,3000,3000,3000,3000,3000,3000,3000,3000,1,3000,3000,3000,3000,1,3000,3000,3000,3000,3000,3000,3000,3000,1,3000,3000,3000
3100,3100,1,3100,3100,3100,3100,3100,11,3100,3100,1,1,1,1,3100,1,3100,3100,3100,3100,3100,3100,3100,3100,1,3100,3100,3100,3100,1,3100,3100,3100,3100,3100,3100,3100,3100,1,3100,3100,3100
3200,3200,1,3200,3200,3200,3200,3200,11,3200,3200,1,1,1,1,3200,1,3200,3200,3200,3200,3200,3200,3200,3200,1,3200,3200,3200,3200,1,3200,3200,3200,3200,3200,3200,3200,3200,1,3200,3200,3200
3300,3300,1,3300,3300,3300,3300,3300,11,3300,3300,1,1,1,1,3300,1,3300,3300,3300,3300,3300,3300,3300,3300,1,3300,3300,3300,3300,1,3300,3300,3300,3300,3300,3300,3300,3300,1,3300,3300,3300
3400,3400,1,3400,3400,3400,3400,3400,11,3400,3400,1,1,1,1,3400,1,3400,3400,3400,3400,3400,3400,3400,3400,1,3400,3400,3400,3400,1,3400,3400,3400,3400,3400,3400,3400,3400,1,3400,3400,3400
3500,3500,1,3500,3500,3500,3500,3500,11,3500,3500,1,1,1,1,3500,1,3500,3500,3500,3500,3500,3500,3500,3500,1,3500,3500,3500,3500,1,3500,3500,3500,3500,3500,3500,3500,3500,1,3500,3500,3500
3600,3600,1,3600,3600,3600,3600,3600,11,3600,3600,1,1,1,1,3600,1,3600,3600,3600,3600,3600,3600,3600,3600,1,3600,3600,3600,3600,1,3600,3600,3600,3600,3600,3600,3600,3600,1,3600,3600,3600
3700,3700,1,3700,3700,3700,3700,3700,11,3700,3700,1,1,1,1,3700,1,3700,3700,3700,3700,3700,3700,3700,3700,1,3700,3700,3700,3700,1,3700,3700,3700,3700,3700,3700,3700,3700,1,3700,3700,3700
3800,3800,1,3800,3800,3800,3800,3800,11,3800,3800,1,1,1,1,3800,1,3800,3800,3800,3800,3800,3800,3800,3800,1,3800,3800,3800,3800,1,3800,3800,3800,3800,3800,3800,3800,3800,1,3800,3800,3800
3900,3900,1,3900,3900,3900,3900,3900,11,3900,3900,1,1,1,1,3900,1,3900,3900,3900,3900,3900,3900,3900,3900,1,3900,3900,3900,3900,1,3900,3900,3900,3900,3900,3900,3900,3900,1,3900,3900,3900
4000,4000,1,4000,4000,4000,4000,4000,11,4000,4000,1,1,1,1,4000,1,4000,4000,4000,4000,4000,4000,4000,4000,1,4000,4000,4000,4000,1,4000,4000,4000,4000,4000,4000,4000,4000,1,4000,4000,4000
4100,4100,1,4100,4100,4100,4100,4100,12,4100,4100,1,1,1,1,4100,1,4100,4100,4100,4100,4100,4100,4100,4100,1,4100,4100,4100,4100,1,4100,4100,4100,4100,4100,4100,4100,4100,1,4100,4100,4100
4200,4200,1,4200,4200,4200,4200,4200,12,4200,4200,1,1,1,1,4200,1,4200,4200,4200,4200,4200,4200,4200,4200,1,4200,4200,4200,4200,1,4200,4200,4200,4200,4200,4200,4200,4200,1,4200,4200,4200
4300,4300,1,4300,4300,4300,4300,4300,12,4300,4300,1,1,1,1,4300,1,4300,4300,4300,4300,4300,4300,4300,4300,1,4300,4300,4300,4300,1,4300,4300,4300,4300,4300,4300,4300,4300,1,4300,4300,4300
4400,4400,1,4400,4400,4400,4400,4400,12,4400,4400,1,1,1,1,4400,1,4400,4400,4400,4400,4400,4400,4400,4400,1,4400,4400,4400,4400,1,4400,4400,4400,4400,4400,4400,4400,4400,1,4400,4400,4400
4500,4500,1,4500,4500,4500,4500,4500,12,4500,4500,1,1,1,1,4500,1,4500,4500,4500,4500,4500,4500,4500,4500,1,4500,4500,4500,4500,1,4500,4500,4500,4500,4500,4500,4500,4500,1,4500,4500,4500
4600,4600,1,4600,4600,4600,4600,4600,12,4600,4600,1,1,1,1,4600,1,4600,4600,4600,4600,4600,4600,4600,4600,1,4600,4600,4600,4600,1,4600,4600,4600,4600,4600,4600,4600,4600,1,4600,4600,4600
4700,4700,1,4700,4700,4700,4700,4700,12,4700,4700,1,1,1,1,4700,1,4700,4700,4700,4700,4700,4700,4700,4700,1,4700,4700,4700,4700,1,4700,4700,4700,4700,4700,4700,4700,4700,1,4700,4700,4700
4800,4800,1,4800,4800,4800,4800,4800,12,4800,4800,1,1,1,1,4800,1,4800,4800,4800,4800,4800,4800,4800,4800,1,4800,4800,4800,4800,1,4800,4800,4800,4800,4800,4800,4800,4800,1,4800,4800,4800
4900,4900,1,4900,4900,4900,4900,4900,12,4900,4900,1,1,1,1,4900,1,4900,4900,4900,4900,4900,4900,4900,4900,1,4900,4900,4900,4900,1,4900,4900,4900,4900,4900,4900,4900,4900,1,4900,4900,4900
5000,5000,1,5000,5000,5000,5000,5000,12,5000,5000,1,1,1,1,5000,1,5000,5000,5000,5000,5000,5000,5000,5000,1,5000,5000,5000,5000,1,5000,5000,5000,5000,5000,5000,5000,5000,1,5000,5000,5000
